id_estadio,estadio,cidade,estado,pais,latitude,longitude,origem
1,Neo Química Arena,São Paulo,SP,Brasil,-23.5456,-46.475,legado
2,Municipal Doutor Novelli Júnior,Itu,SP,Brasil,-23.28081,-47.287675,legado
3,Municipal Primeiro de Maio,São Bernardo do Campo,SP,Brasil,-23.69988,-46.55645,legado
4,Urbano Caldeira,Santos,SP,Brasil,-23.95115,-46.33898,legado
5,Santa Cruz,Ribeirão Preto,SP,Brasil,-21.20236,-47.79014,legado
6,Arena Barueri,Barueri,SP,Brasil,-23.51292,-46.89948,legado
7,Estádio Willie Davids,Maringá,PR,Brasil,-23.41422,-51.93822,legado
8,Estádio Olímpico Regional Arnaldo Busatto,Cascavel,PR,Brasil,-24.97503,-53.5024,legado
9,Centenário,Montevidéu,,Uruguai,-34.89418,-56.15144,legado
10,Alfredo Jaconi,Caxias do Sul,RS,Brasil,-29.16232,-51.17632,legado
11,Nabi Abi Chedid,Bragança Paulista,SP,Brasil,-22.96534,-46.53709,legado
12,Estádio Diego Armando Maradona,Buenos Aires,,Argentina,-34.60564,-58.47315,legado
13,Arena das Dunas,Natal,RN,Brasil,-5.83,-35.21,legado
14,Defensores del Chaco,Assunção,,Paraguai,-25.29212,-57.65741,legado
15,Jornalista Mário Filho,Rio de Janeiro,RJ,Brasil,-22.91213,-43.23011,legado
16,Estádio Antônio Accioly,Goiânia,GO,Brasil,-16.67,-49.2843,legado
17,Orlando Scarpelli,Florianópolis,SC,Brasil,-27.58557,-48.58639,legado
18,Joaquim Américo Guimarães,Curitiba,PR,Brasil,-25.44841,-49.277,legado
19,Allianz Parque,São Paulo,SP,Brasil,-23.52747,-46.67856,legado
20,Governador Magalhães Pinto,Belo Horizonte,MG,Brasil,-19.86591,-43.97105,legado
21,São Januário,Rio de Janeiro,RJ,Brasil,-22.89083,-43.2283,legado
22,Itaipava Arena Fonte Nova,Salvador,BA,Brasil,-12.97895,-38.50412,legado
23,Arena MRV,Belo Horizonte,MG,Brasil,-19.92898,-44.01351,legado
24,Major Antônio Couto Pereira,Curitiba,PR,Brasil,-25.4215,-49.25978,legado
25,Governador Plácido Castelo,Fortaleza,CE,Brasil,-3.81,-38.52,legado
26,Nilton Santos,Rio de Janeiro,RJ,Brasil,-22.89248,-43.29125,legado
27,Mané Garrincha,Brasília,DF,Brasil,-15.78363,-47.89905,legado
28,Arena Pantanal,Cuiabá,MT,Brasil,-15.60409,-56.12157,legado
29,Estádio Presidente Juan Domingo Perón,Avellaneda,,Argentina,-34.66693,-58.36789,legado
30,Manoel Barradas,Salvador,BA,Brasil,-12.91919,-38.42713,legado
31,Heriberto Hülse,Criciúma,SC,Brasil,-28.6843,-49.36767,legado
32,Arena do Grêmio,Porto Alegre,RS,Brasil,-29.97399,-51.19503,legado
33,Cícero Pompeu de Toledo,São Paulo,SP,Brasil,-23.59999,-46.7201,legado
34,Moisés Lucarelli,Campinas,SP,Brasil,-22.91354,-47.05119,legado
35,Municipal Paulo Machado de Carvalho,São Paulo,SP,Brasil,-23.54862,-46.66529,legado
36,Major José Levy Sobrinho,Limeira,SP,Brasil,-22.5554,-47.38511,legado
37,Estádio Olímpico do Pará,Belém,PA,Brasil,-1.38115,-48.44393,legado
38,Estádio Hailé Pinheiro,Goiânia,GO,Brasil,-16.71128,-49.26119,legado
39,Estádio Raimundo Sampaio,Belo Horizonte,MG,Brasil,-19.90858,-43.91782,legado
40,Estádio Banco Guayaquil,Quito,,Equador,-0.34933,-78.4707,legado
41,Estadio Monumental U,Lima,,Peru,-12.05523,-76.93568,legado
42,José Pinheiro Borda,Porto Alegre,RS,Brasil,-30.0665,-51.23678,legado
43,Estádio Marcelo Bielsa,Rosario,,Argentina,-32.95608,-60.66146,legado
44,Estádio Jorge Luis Hirschi,La Plata,,Argentina,-34.91169,-57.93856,legado
45,Estadio Olímpico de la Universidad Central de Venezuela,Caracas,,Venezuela,10.49272,-66.8856,legado
46,Bruno José Daniel,Santo André,SP,Brasil,-23.6697,-46.50916,legado
47,Jorge Ismael de Biasi,Novo Horizonte,SP,Brasil,-21.46647,-49.23163,legado
48,Hernando Siles,La Paz,,Bolívia,-16.49947,-68.12291,legado
49,Municipal Jacy Scaff,Londrina,PR,Brasil,-23.28245,-51.16474,legado
50,Deportivo Cali,Palmira,,Colômbia,3.52165,-76.41706,legado
51,Estádio Alberto Jacinto Armando,Buenos Aires,,Argentina,-34.63563,-58.3648,legado
52,Aderbal Ramos da Silva,Florianópolis,SC,Brasil,-27.66653,-48.5319,legado
53,Exploria Stadium,Orlando,,Estados Unidos da América,28.5412,-81.3891,legado
54,Municipal José Maria de Campos Maia,Mirassol,SP,Brasil,-20.82257,-49.5066,legado
55,La Nueva Olla,Assunção,,Paraguai,-25.2999,-57.63752,legado
56,Distrital do Inamar,Diadema,SP,Brasil,-23.72343,-46.61296,legado
57,Estádio Serra Dourada,Goiânia,GO,Brasil,-16.69907,-49.23414,legado
58,Adelmar da Costa Carvalho,Recife,PE,Brasil,-8.06296,-34.90289,legado
59,Estádio Olímpico Pedro Ludovico Teixeira,Goiânia,GO,Brasil,-16.67086,-49.26256,legado
60,Anacleto Campanella,São Caetano do Sul,SP,Brasil,-23.62993,-46.55983,legado
61,Estádio Municipal Cornélio de Barros Muniz e Sá,Salgueiro,PE,Brasil,-8.07594,-39.11942,legado
62,Estádio General Sylvio Raulino de Oliveira,Volta Redonda,RJ,Brasil,-22.50825,-44.09695,legado
63,Estádio Elcyr Resende de Mendonça,Saquarema,RJ,Brasil,-22.89528,-42.47694,legado
64,Brinco de Ouro da Princesa,Campinas,SP,Brasil,-22.9096,-47.04337,legado
65,Estádio Doutor Adhemar de Barros,Araraquara,SP,Brasil,-21.77444,-48.16991,legado
66,Estádio Nacional do Peru,Lima,,Peru,-12.06716,-77.03356,legado
67,Campeón del Siglo,Montevideo,,Uruguai,-34.79816,-56.06607,legado
68,Roberto Santos,Salvador,BA,Brasil,-12.94501,-38.41832,legado
69,Arena Condá,Chapecó,SC,Brasil,-27.10408,-52.60694,legado
70,Itaipava Arena Pernambuco,São Lourenço da Mata,PE,Brasil,-8.04068,-35.00817,legado
71,Estádio Monumental Isidro Romero Carbo,Guayaquil,,Equador,-2.18589,-79.92497,legado
72,Estádio Olímpico Pascual Guerrero,Cali,,Colômbia,3.42989,-76.54108,legado
73,Tomás Adolfo Ducó,Buenos Aires,,Argentina,-34.6394274423,-58.391238435,legado
74,Estádio Municipal Cícero de Souza Marques,Bragança Paulista,SP,Brasil,-22.95094,-46.53052,legado
75,Estádio Benito Agnelo Castellano,Rio Claro,SP,Brasil,-22.41814,-47.5564,legado
76,Estadio Gigante de Arroyito,Rosario,,Argentina,-32.914023,-60.674499,openstreetmap
77,Estádio do Canindé,São Paulo,SP,Brasil,-23.5205812,-46.6188461,openstreetmap
78,Estadio Nemesio Camacho El Campín,Bogotá,,Colômbia,4.6459495,-74.0776054,openstreetmap
79,Estadio Ciudad de Vicente López,Florida,,Argentina,-34.5402643,-58.4816683,openstreetmap
80,Arena da Amazônia,Manaus,AM,Brasil,-3.08306,-60.02806,agente: https://en.wikipedia.org/wiki/Arena_da_Amaz%C3%B4nia; https://stadiumdb.com/stadiums/bra/arena_da_amazonia
81,Nuevo Gasómetro,Buenos Aires,,Argentina,-34.652065,-58.440121,agente: https://en.wikipedia.org/wiki/Estadio_Pedro_Bidegain; https://stadiumdb.com/stadiums/arg/el_nuevo_gasometro
82,Estadio Monumental David Arellano,Santiago,,Chile,-33.50667,-70.60583,agente: https://en.wikipedia.org/wiki/Estadio_Monumental_David_Arellano; https://stadiumdb.com/stadiums/chi/estadio_monumental_david_arellano
83,Estadio Libertadores de América,Avellaneda,,Argentina,-34.67028,-58.37083,agente: https://en.wikipedia.org/wiki/Estadio_Libertadores_de_Am%C3%A9rica; https://stadiumdb.com/stadiums/arg/estadio_libertadores_de_america
84,Estadio Gran Parque Central,Montevidéu,,Uruguai,-34.88437,-56.1588,agente: https://en.wikipedia.org/wiki/Estadio_Gran_Parque_Central; https://stadiumdb.com/stadiums/uru/estadio_gran_parque_central
85,Estadio Olímpico Atahualpa,Quito,,Equador,-0.1775,-78.47667,agente: https://en.wikipedia.org/wiki/Atahualpa_Olympic_Stadium; https://www.stadiumguide.com/?p=10917
86,Estádio Rei Pelé,Maceió,AL,Brasil,-9.67056,-35.75917,agente: https://en.wikipedia.org/wiki/Est%C3%A1dio_Rei_Pel%C3%A9; https://audiala.com/cs/brazilie/maceio/estadio-rei-pele
