tecnico,foto_url,fonte
António Oliveira,https://img.a.transfermarkt.technology/portrait/big/52873-1649775898.jpg?lm=1,"legado (Transfermarkt, coleta do v1)"
Mano Menezes,https://img.a.transfermarkt.technology/portrait/big/4734-1727291095.jpg?lm=1,"legado (Transfermarkt, coleta do v1)"
Ramón Díaz,https://img.a.transfermarkt.technology/portrait/big/4778-1681409186.jpg?lm=1,"legado (Transfermarkt, coleta do v1)"
Raphael Laruccia,https://img.a.transfermarkt.technology/portrait/big/111787-1720881555.jpg?lm=1,"legado (Transfermarkt, coleta do v1)"
Thiago Kosloski,https://img.a.transfermarkt.technology/portrait/big/111273-1690342072.jpg?lm=1,"legado (Transfermarkt, coleta do v1)"
Fernando Lázaro,https://img.a.transfermarkt.technology/portrait/big/92611-1668955983.jpg?lm=1,"legado (Transfermarkt, coleta do v1)"
Cuca,https://img.a.transfermarkt.technology/portrait/big/4732-1662410836.jpg?lm=1,"legado (Transfermarkt, coleta do v1)"
Danilo,https://img.a.transfermarkt.technology/portrait/big/88566-1682960755.jpg?lm=1,"legado (Transfermarkt, coleta do v1)"
Vanderlei Luxemburgo,https://img.a.transfermarkt.technology/portrait/big/1976-1610102111.jpg?lm=1,"legado (Transfermarkt, coleta do v1)"
Sylvinho,https://img.a.transfermarkt.technology/portrait/big/24104-1701174784.jpg?lm=1,"legado (Transfermarkt, coleta do v1)"
Vítor Pereira,https://img.a.transfermarkt.technology/portrait/big/7571-1631867743.jpg?lm=1,"legado (Transfermarkt, coleta do v1)"
Tiago Nunes,https://img.a.transfermarkt.technology/portrait/big/58610-1542054967.jpg?lm=4711,"Transfermarkt (links enviados pelo Nico em 05/10/2026)"
Dyego Coelho,https://img.a.transfermarkt.technology/portrait/big/65199-1634635277.jpg?lm=4711,"Transfermarkt (links enviados pelo Nico em 05/10/2026)"
Vagner Mancini,https://img.a.transfermarkt.technology/portrait/big/5667-1499239587.jpg?lm=4711,"Transfermarkt (links enviados pelo Nico em 05/10/2026)"
Orlando Ribeiro,https://img.a.transfermarkt.technology/portrait/big/108199-1668859550.jpg?lm=1,"legado (Transfermarkt, coleta do v1)"
Dorival Júnior,https://img.a.transfermarkt.technology/portrait/header/4724-1725987510.jpg?lm=1,"legado (Transfermarkt, coleta do v1)"
Tite,https://img.a.transfermarkt.technology/portrait/big/6623-1448023024.jpg?lm=4711,"Transfermarkt (links enviados pelo Nico em 05/10/2026)"
Cristóvão Borges,https://img.a.transfermarkt.technology/portrait/big/748789-1772144952.jpg?lm=4711,"Transfermarkt (links enviados pelo Nico em 05/10/2026)"
Fábio Carille,https://img.a.transfermarkt.technology/portrait/big/47350-1599573408.jpg?lm=4711,"Transfermarkt (links enviados pelo Nico em 05/10/2026)"
Oswaldo de Oliveira,https://img.a.transfermarkt.technology/portrait/big/7573-1524467288.jpg?lm=4711,"Transfermarkt (links enviados pelo Nico em 05/10/2026)"
Osmar Loss,https://img.a.transfermarkt.technology/portrait/big/40002-1789631352.png?lm=4711,"Transfermarkt (links enviados pelo Nico em 05/10/2026)"
Jair Ventura,https://img.a.transfermarkt.technology/portrait/big/22198-1662690190.jpeg?lm=4711,"Transfermarkt (links enviados pelo Nico em 05/10/2026)"
Fernando Diniz,https://img.a.transfermarkt.technology/portrait/big/41120-1766511795.jpg?lm=4711,"Transfermarkt (links enviados pelo Nico em 05/10/2026)"
