id_partida,id_estadio,arbitro,tecnico_corinthians,tecnico_adversario,observacao
631054,16,,,,Atlético-GO x Corinthians (04/06/2022) foi no Antônio Accioly; a ESPN informa Serra Dourada. Confirmado por Nico (busca no Google).
401865474,,,Fernando Diniz,Walter Zunino,agente: otempo.com.br/sports/futebol-nacional/corinthians/2026/4/9/aposta-de-diniz-funciona-e-corinthians-vence-o-platense-na-estreia-da-libertadores; cap.org.ar/2026/04/walter-zunino-los-chicos-dieron-una-respuesta-importante
401865525,,,Fernando Diniz,Pablo Repetto,agente: lance.com.br/corinthians/nos-acrescimos-corinthians-arranca-empate-com-o-santa-fe-pela-libertadores.html; gazetaesportiva.com/times/corinthians/santa-fe-col-corinthians-libertadores-4-rodada-6-5-2026
401865543,,,Fernando Diniz,Diego Aguirre,"agente: elobservador.com.uy (Aguirre x Corinthians, Libertadores); beinsports.com (Peñarol vs Corinthians 2026-05-21)"
401912541,,,Fernando Diniz,Alexander Medina,"agente: canal26.com (Corinthians vs Estudiantes, Libertadores 2026); en.wikipedia.org/wiki/2026_Estudiantes_de_La_Plata_season"
538594,25,,,,"agente: Corinthians x Ceará (13/03/2019, Copa do Brasil) no Castelão; ESPN sem estádio. Fontes: istoe.com.br/corinthians-vence-o-ceara-fora-e-encaminha-vaga-na-copa-do-brasil; gazetaesportiva.com/?p=2811803"
538587,1,,,,"agente: Ceará x Corinthians (04/04/2019 UTC, Copa do Brasil) na Arena Corinthians; ESPN sem estádio. Fontes: en.wikipedia.org/wiki/2019_Copa_do_Brasil_Third_Stage; istoe.com.br/corinthians-vence-o-ceara-fora-e-encaminha-vaga-na-copa-do-brasil"
539339,69,,,,"agente: Chapecoense x Corinthians (17/04/2019, Copa do Brasil) na Arena Condá; ESPN sem estádio. Fontes: lance.com.br/corinthians/chapecoense-provaveis-times-onde-ver-desfalques-palpites.html; umdoisesportes.com.br/futebol/chapecoense-x-corinthians-ao-vivo-2"
539333,1,,,,"agente: Corinthians x Chapecoense (25/04/2019, Copa do Brasil) na Arena Corinthians; ESPN sem estádio. Fontes: africa.espn.com/football/match/_/gameId/539333/chapecoense-corinthians; gazetaesportiva.com/?p=2725758"
539930,1,,,,"agente: Corinthians x Flamengo (15/05/2019, Copa do Brasil) na Arena Corinthians; ESPN sem estádio. Fontes: gazetaesportiva.com/?p=2743034; lance.com.br/corinthians/corinthians-acumula-frustracoes-em-mata-mata-contra-flamengo-na-arena.html"
539919,15,,,,"agente: Flamengo x Corinthians (04/06/2019, Copa do Brasil) no Maracanã; ESPN sem estádio. Fontes: gazetaesportiva.com/?p=2806656; jornaldebrasilia.com.br/torcida/flamengo-bate-corinthians-com-gol-de-willian-arao"
537088,1,,,,"agente: Corinthians x Avenida (20/02/2019, Copa do Brasil) na Arena Corinthians; ESPN sem estádio. Fontes: dol.com.br/esporte/esporte-brasil/noticia-577610-henrique-admite-erro-mas-ressalta-tranquilidade-do-corinthians-na-arena.html; gazetaesportiva.com/?p=2698536"
510166,30,,,,"agente: Vitória x Corinthians (25/04/2018, Copa do Brasil) no Barradão; ESPN sem estádio. Fontes: gazetaesportiva.com/campeonatos/copa-do-brasil/corinthians-larga-na-copa-do-brasil-com-0-0-contra-o-vitoria; bnews.com.br/noticias/esporte/204312-no-barradao-vitoria-e-corinthians-fazem-jogo-de-ida-das-oitavas-de-final-da-copa-do-brasil.html"
510163,1,,,,"agente: Corinthians x Vitória (10/05/2018, Copa do Brasil) na Arena Corinthians; ESPN sem estádio. Fontes: gazetaesportiva.com/campeonatos/copa-do-brasil/corinthians-larga-na-copa-do-brasil-com-0-0-contra-o-vitoria; bnews.com.br/noticias/esporte/205660-vitoria-perde-para-o-corinthians-por-3-a-1"
520830,1,,,,"agente: Corinthians x Chapecoense (01/08/2018, Copa do Brasil) na Arena Corinthians; ESPN sem estádio. Fontes: gazetaesportiva.com/futebol/corinthians-encerra-tabu-e-sai-na-frente-da-chape-na-copa-do-brasil; ontourfootball.com/fixtures/corinthians-vs-chapecoense-sc-2018-08-02"
520826,69,,,,"agente: Chapecoense x Corinthians (15/08/2018, Copa do Brasil) na Arena Condá; ESPN sem estádio. Fontes: vavel.com/br/futebol/2018/08/16/corinthians/937010-com-gol-de-jadson-corinthians-vence-chape-e-garante-vaga-nas-semifinais-da-copa-do-brasil.html; ontourfootball.com/fixtures/chapecoense-sc-vs-corinthians-2018-08-16"
526016,15,,,,"agente: Flamengo x Corinthians (12/09/2018, Copa do Brasil) no Maracanã; ESPN sem estádio. Fontes: jornaldebrasilia.com.br/torcida/flamengo-e-corinthians-ficam-no-0-x-0-no-maracana; gazetaesportiva.com/?p=2642422"
526014,1,,,,"agente: Corinthians x Flamengo (26/09/2018, Copa do Brasil) na Arena Corinthians; ESPN sem estádio. Fontes: dol.com.br/esporte/esporte-brasil/noticia-543013; gazetaesportiva.com/?p=2642422"
527542,20,,,,"agente: Cruzeiro x Corinthians (10/10/2018, final da Copa do Brasil) no Mineirão; ESPN sem estádio. Fontes: en.wikipedia.org/wiki/2018_Copa_do_Brasil_finals; gazetaesportiva.com/campeonatos/copa-do-brasil/corinthians-decide-em-casa-titulo-da-copa-do-brasil"
527543,1,,,,"agente: Corinthians x Cruzeiro (17/10/2018, final da Copa do Brasil) na Arena Corinthians; ESPN sem estádio. Fontes: en.wikipedia.org/wiki/2018_Copa_do_Brasil_finals; gazetaesportiva.com/campeonatos/copa-do-brasil/corinthians-decide-em-casa-titulo-da-copa-do-brasil"
502354,53,,,,"agente: Corinthians x PSV (11/01/2018, Florida Cup) no Orlando City Stadium (Exploria Stadium); ESPN sem estádio. Fontes: en.wikipedia.org/wiki/2018_Florida_Cup; fcseries.com/press/news/corinthians-vs-psv-eindhoven-2018-florida-cup-final-score-1-1"
