arbitro_espn,arbitro
Alex Gomes Stefano,Alex Gomes Stefano
Alexis Herrera,Alexis Herrera
André Luis Skettino Policarpo Bento,André Luiz Skettino Policarpo Bento
Andrés Cunha,Andrés Cunha
Andrés Matonte,Andres Matonte
Andrés Rojas,Andrés Rojas
Angel Arteaga,Ángel Arteaga Cabriales
Braulio Da Silva Machado,Braulio da Silva Machado
Bruno Arleu de Araujo,Bruno Arleu de Araújo
Caio Max Augusto Vieira,Caio Max Augusto Vieira
Carlos Ortega,Carlos Ortega
Christian Ferreira,Christian Ferreyra
Cristián Garay,Cristián Garay
Daiane Caroline Muniz Dos Santos,Daiane Caroline Muniz dos Santos
Dario Herrera,Dario Herrera
"Daronco, Anderson",Anderson Daronco
Davi De Oliveira Lacerda,Davi de Oliveira Lacerda
"De Lima Henrique, Marcelo",Marcelo de Lima Henrique
Denis Da Silva Ribeiro Serafim,Denis da Silva Ribeiro Serafim
Douglas Marques das Flores,Douglas Marques das Flores
Eber Aquino,Eber Aquino Gaona
Edina Alves Batista,Edina Alves Batista
Esteban Ostojich,Esteban Ostojich
Fabiano Monteiro Dos Santos,Fabiano Monteiro dos Santos
Felipe Andres Gonzalez Alveal,Felipe González Alveal
Felipe Fernandes De Lima,Felipe Fernandes de Lima
Flavio Rodrigues de Souza,Flávio Rodrigues de Souza
Fábio Augusto Santos Sá Junior,Fabio Augusto Sá Júnior
"Gonçalves Lima, Jean Pierre",Jean Pierre Gonçalves Lima
Guilherme Nunes De Santana,Guilherme Nunes de Santana
Guillermo Guerrero,Guillermo Guerrero
Gustavo Ervino Bauermann,Gustavo Ervino Bauermann
Gustavo Tejera,Gustavo Tejera
Jesús Valenzuela,Jesús Noel Valenzuela Sáez
Jhon Alexander Hinestroza Romaña,Jhon Hinestroza
John Alexander Ospina,Jhon Ospina
Jonathan Pinheiro,Jonathan Benkenstein Pinheiro
José Argote,José Ramón Argote Vega
José Cabero,José Cabero
João Vitor Gobi,João Vitor Gobi
Juan Gabriel Benítez,Juan Gabriel Benítez
Leandro Pedro Vuaden,Leandro Pedro Vuaden
Lucas Canetto Bellote,Lucas Canetto Bellote
Lucas Casagrande,Lucas Casagrande
Lucas Paulo Torezin,Lucas Paulo Torezin
Luiz Flavio de Oliveira,Luiz Flávio de Oliveira
Maguielson Lima Barbosa,Maguielson Lima Barbosa
Matheus Delgado Candançan,Matheus Delgado Candançan
Murilo Tarrega Victor,Murilo Tarrega Victor
Patricio Loustau,Patrício Loustau
Paulo Cezar Zanovelli Da Silva,Paulo Cesar Zanovelli da Silva
Paulo Roberto Alves Júnior,Paulo Roberto Alves Júnior
Piero Maza,Piero Maza
Rafael Rodrigo Klein,Rafael Rodrigo Klein
Rafael Traci,Rafael Traci
Ramon Abatti Abel,Ramon Abatti Abel
Raphael Claus,Raphael Claus
Roberto Pérez Gutierrez,Roberto Pérez Gutierrez
Roberto Tobar,Roberto Tobar
Rodrigo Jose Pereira De Lima,Rodrigo José Pereira de Lima
Savio Pereira Sampaio,Savio Pereira Sampaio
Thiago Luis Scarascati,Thiago Luis Scarascati
"Vargas, Gery",Gery Vargas
Vinicius Goncalves Dias Araujo,Vinícius Gonçalves Dias Araújo
Wagner Do Nascimento Magalhaes,Wagner do Nascimento Magalhães
Wilmer Roldán,Wilmar Roldán
Wilton Pereira Sampaio,Wilton Pereira Sampaio
Yuri Elino Ferreira Da Cruz,Yuri Elino Ferreira da Cruz
