id_estadio_espn,id_estadio,observacao
10289,74,mais frequente no legado (1 jogos)
10420,74,mais frequente no legado (1 jogos)
10553,78,novo
10585,38,mais frequente no legado (1 jogos)
10625,25,mais frequente no legado (1 jogos)
10706,63,mais frequente no legado (1 jogos)
10707,26,Engenhão: João Havelange = Nilton Santos
10770,22,"mesmo estádio, novo ID na ESPN"
10771,18,mais frequente no legado (1 jogos)
10773,69,"mesmo estádio, novo ID na ESPN"
10775,76,novo
10812,54,"mesmo estádio, novo ID na ESPN"
1913,48,mais frequente no legado (1 jogos)
1978,60,mais frequente no legado (1 jogos)
2652,12,mais frequente no legado (2 jogos)
2862,14,mais frequente no legado (2 jogos)
2948,5,mais frequente no legado (3 jogos)
3250,79,novo
3265,24,mais frequente no legado (4 jogos)
3508,31,mais frequente no legado (1 jogos)
4042,6,mais frequente no legado (4 jogos)
4046,50,mais frequente no legado (1 jogos)
4148,9,mais frequente no legado (3 jogos)
5039,32,mesmo estádio
5095,41,mais frequente no legado (1 jogos)
5109,20,mais frequente no legado (9 jogos)
5115,32,mais frequente no legado (5 jogos)
5117,25,mais frequente no legado (11 jogos)
5118,22,mais frequente no legado (4 jogos)
5119,70,mais frequente no legado (1 jogos)
5120,15,mais frequente no legado (14 jogos)
5151,21,mais frequente no legado (5 jogos)
5189,27,mais frequente no legado (3 jogos)
5196,18,mais frequente no legado (5 jogos)
5210,66,mais frequente no legado (1 jogos)
5294,71,Monumental Banco Pichincha = Isidro Romero Carbo; a ESPN informa a cidade errada (Quito)
5348,51,mais frequente no legado (2 jogos)
5349,29,mais frequente no legado (1 jogos)
5350,43,mais frequente no legado (1 jogos)
5375,1,mais frequente no legado (202 jogos)
5376,42,mais frequente no legado (5 jogos)
5378,28,mais frequente no legado (4 jogos)
5379,13,mais frequente no legado (1 jogos)
5400,72,mais frequente no legado (1 jogos)
5405,39,mais frequente no legado (4 jogos)
5407,55,mais frequente no legado (1 jogos)
5413,45,mais frequente no legado (1 jogos)
5444,62,mais frequente no legado (1 jogos)
5472,10,mais frequente no legado (5 jogos)
5478,34,mais frequente no legado (2 jogos)
5479,3,mais frequente no legado (4 jogos)
5480,4,mais frequente no legado (10 jogos)
5481,2,mais frequente no legado (2 jogos)
5482,77,novo
5486,33,mais frequente no legado (12 jogos)
5488,35,mais frequente no legado (1 jogos)
5491,11,mais frequente no legado (8 jogos)
5565,73,mais frequente no legado (1 jogos)
5620,58,mais frequente no legado (2 jogos)
5623,57,Serra Dourada; o legado chamava de Governo do Estado de Goiás (mesmas coordenadas)
5624,69,mais frequente no legado (1 jogos)
5626,52,mais frequente no legado (1 jogos)
5627,30,mais frequente no legado (2 jogos)
5631,37,mais frequente no legado (1 jogos)
5633,17,mais frequente no legado (1 jogos)
5701,68,mais frequente no legado (1 jogos)
5702,26,mais frequente no legado (5 jogos)
5724,65,mais frequente no legado (1 jogos)
5737,7,mais frequente no legado (1 jogos)
6053,19,mais frequente no legado (9 jogos)
6091,36,mais frequente no legado (1 jogos)
6146,61,mais frequente no legado (1 jogos)
6501,56,mais frequente no legado (1 jogos)
6502,47,Jorge Ismael de Biasi (Novorizontino)
6608,67,mais frequente no legado (1 jogos)
6905,59,mais frequente no legado (1 jogos)
6936,54,mais frequente no legado (2 jogos)
6937,46,mais frequente no legado (1 jogos)
7067,64,mais frequente no legado (1 jogos)
7139,16,mais frequente no legado (3 jogos)
7140,38,Hailé Pinheiro (Serrinha); a contagem por votos apontava para o Serra Dourada
7966,75,mais frequente no legado (1 jogos)
8296,44,mesmo estádio
8303,44,mais frequente no legado (1 jogos)
8682,40,mais frequente no legado (1 jogos)
9663,23,mais frequente no legado (2 jogos)
5377,80,"estádio novo (agente, 2 fontes)"
2964,81,"estádio novo (agente, 2 fontes)"
2658,82,"estádio novo (agente, 2 fontes)"
5555,83,"estádio novo (agente, 2 fontes)"
1856,84,"estádio novo (agente, 2 fontes)"
1659,85,"estádio novo (agente, 2 fontes)"
5653,86,"estádio novo (agente, 2 fontes)"
10647,33,mesmo estádio do cadastro: Cícero Pompeu de Toledo (nome e cidade iguais)
10466,34,mesmo estádio do cadastro: Moisés Lucarelli (nome e cidade iguais)
5395,78,mesmo estádio do cadastro: Nemesio Camacho El Campín (nome e cidade iguais)
5411,87,"estádio novo (agente, 2 fontes)"
5421,88,"estádio novo (agente, 2 fontes)"
5703,89,"estádio novo (agente, 2 fontes)"
5650,90,"estádio novo (agente, 2 fontes)"
5666,91,"estádio novo (agente, 2 fontes)"
5487,92,"estádio novo (agente, 2 fontes)"
5508,93,"estádio novo (agente, 2 fontes)"
6069,94,"estádio novo (agente, 2 fontes)"
6505,95,"estádio novo (agente, 2 fontes)"
6095,96,"estádio novo (agente, 2 fontes)"
5492,97,"estádio novo (agente, 2 fontes)"
5424,98,"estádio novo (agente, 2 fontes)"
10648,99,"estádio novo (agente, 2 fontes)"
5415,100,"estádio novo (agente, 2 fontes)"
1622,101,"estádio novo (agente, 2 fontes)"
6983,102,"estádio novo (agente, 2 fontes)"
5645,103,"estádio novo (agente, 2 fontes)"
5521,104,"estádio novo (agente, 2 fontes)"
