id_jogador_legado,id_jogador,observacao
1,257051,"coocorrência 97/97, nome 1.00"
2,284998,"coocorrência 28/28, nome 1.00"
3,108347,"coocorrência 259/261, nome 1.00"
4,276741,"coocorrência 25/25, nome 1.00"
5,361463,"coocorrência 6/6, nome 1.00"
6,251963,"coocorrência 80/80, nome 1.00"
7,194090,"coocorrência 78/78, nome 1.00"
8,276051,"coocorrência 53/53, nome 1.00"
9,168981,"coocorrência 79/79, nome 1.00"
10,282093,"coocorrência 38/38, nome 1.00"
11,271773,"coocorrência 71/71, nome 1.00"
13,361471,apelido: Tchoca = João Pedro (21 de 21 jogos juntos)
14,276615,"coocorrência 4/4, nome 1.00"
15,287774,"coocorrência 126/126, nome 1.00"
16,303591,"coocorrência 73/73, nome 1.00"
19,108342,"coocorrência 240/242, nome 1.00"
20,338591,"coocorrência 30/30, nome 1.00"
21,272533,"coocorrência 116/116, nome 0.95"
22,272319,"coocorrência 96/96, nome 1.00"
23,287014,"coocorrência 70/70, nome 0.90"
24,236099,"coocorrência 114/114, nome 1.00"
25,357354,"coocorrência 59/59, nome 1.00"
26,361468,"coocorrência 27/27, nome 1.00"
27,233416,"coocorrência 140/140, nome 1.00"
28,196879,"coocorrência 37/37, nome 1.00"
29,139718,"coocorrência 51/51, nome 1.00"
30,240557,"coocorrência 66/66, nome 1.00"
31,338898,"coocorrência 107/107, nome 1.00"
32,157983,"coocorrência 67/67, nome 1.00"
33,121767,"coocorrência 30/30, nome 1.00"
34,270562,"coocorrência 104/104, nome 1.00"
35,148189,"coocorrência 77/77, nome 1.00"
36,297761,"coocorrência 45/45, nome 0.90"
37,288930,"coocorrência 67/67, nome 1.00"
38,193634,"coocorrência 154/154, nome 1.00"
39,304533,"coocorrência 84/84, nome 1.00"
40,250904,"coocorrência 170/171, nome 0.90"
41,143702,"coocorrência 26/26, nome 1.00"
42,315625,"coocorrência 29/29, nome 1.00"
43,361467,"coocorrência 14/14, nome 1.00"
44,159255,"coocorrência 67/67, nome 1.00"
45,266666,"coocorrência 212/212, nome 1.00"
46,234070,"coocorrência 43/43, nome 1.00"
47,123865,"coocorrência 24/24, nome 1.00"
48,339953,"coocorrência 47/47, nome 1.00"
49,351298,"coocorrência 5/5, nome 1.00"
50,379517,"coocorrência 2/2, nome 1.00"
51,379848,"coocorrência 2/2, nome 1.00"
52,399414,"coocorrência 3/3, nome 1.00"
53,371496,apelido: Bahia = Luiz Gustavo (4 de 4 jogos juntos)
54,361442,"coocorrência 1/1, nome 1.00"
55,231324,"coocorrência 18/18, nome 1.00"
56,199101,"coocorrência 31/31, nome 1.00"
57,269902,"coocorrência 108/110, nome 1.00"
58,165893,"coocorrência 223/225, nome 1.00"
59,338894,"coocorrência 27/27, nome 1.00"
60,115499,"coocorrência 160/160, nome 1.00"
61,184403,"coocorrência 31/31, nome 1.00"
63,304351,"coocorrência 107/107, nome 1.00"
64,74906,"coocorrência 116/116, nome 1.00"
65,321356,"coocorrência 99/99, nome 1.00"
66,304648,"coocorrência 32/32, nome 1.00"
67,105781,"coocorrência 143/143, nome 1.00"
69,213927,"coocorrência 126/126, nome 1.00"
70,338896,"coocorrência 22/22, nome 1.00"
71,315293,"coocorrência 114/114, nome 1.00"
72,339844,"coocorrência 5/5, nome 1.00"
73,226166,"coocorrência 21/21, nome 1.00"
74,315626,"coocorrência 29/29, nome 1.00"
75,202493,"coocorrência 3/3, nome 1.00"
76,269746,"coocorrência 12/12, nome 1.00"
77,287946,"coocorrência 76/76, nome 1.00"
78,243831,"coocorrência 13/13, nome 1.00"
79,337099,"coocorrência 13/13, nome 1.00"
80,287862,"coocorrência 105/107, nome 1.00"
81,213260,"o legado juntava dois jogadores: João Pedro, 2025-26"
81,361471,"o legado juntava dois jogadores: João Pedro (Tchoca), 2021-22"
82,190380,"coocorrência 116/118, nome 1.00"
83,171993,"coocorrência 87/89, nome 1.00"
84,269647,"coocorrência 52/52, nome 1.00"
85,157285,"coocorrência 79/81, nome 1.00"
86,200776,"coocorrência 78/80, nome 1.00"
87,229019,"coocorrência 90/92, nome 1.00"
88,178487,"coocorrência 45/45, nome 1.00"
89,254266,"coocorrência 55/55, nome 1.00"
90,304350,"coocorrência 47/47, nome 1.00"
91,307716,"coocorrência 43/43, nome 1.00"
92,86473,"coocorrência 105/105, nome 1.00"
93,187396,"coocorrência 21/21, nome 1.00"
94,225543,"coocorrência 3/3, nome 1.00"
95,136889,"coocorrência 46/48, nome 1.00"
96,318130,"coocorrência 3/3, nome 1.00"
97,140722,"coocorrência 27/27, nome 1.00"
98,224335,"coocorrência 39/39, nome 1.00"
99,140431,"coocorrência 41/41, nome 1.00"
100,271681,"coocorrência 10/10, nome 1.00"
101,315294,"coocorrência 3/3, nome 1.00"
102,314941,"coocorrência 10/10, nome 1.00"
103,285449,"coocorrência 14/14, nome 1.00"
104,202485,"coocorrência 12/14, nome 1.00"
105,157743,"coocorrência 13/14, nome 1.00"
107,202560,"coocorrência 19/21, nome 1.00"
108,144121,"coocorrência 19/21, nome 1.00"
109,271769,"coocorrência 8/8, nome 1.00"
110,121594,"coocorrência 10/10, nome 1.00"
111,198346,"coocorrência 3/5, nome 1.00"
113,278210,"coocorrência 25/25, nome 1.00"
114,223782,"coocorrência 27/27, nome 1.00"
115,198610,"coocorrência 3/3, nome 1.00"
116,253821,"coocorrência 4/4, nome 1.00"
117,197533,"coocorrência 4/4, nome 1.00"
118,249846,"coocorrência 13/15, nome 1.00"
119,148775,"coocorrência 22/24, nome 1.00"
120,101504,"coocorrência 7/9, nome 1.00"
121,202305,"coocorrência 3/5, nome 1.00"
123,287773,"coocorrência 7/8, nome 1.00"
124,171652,"o legado juntava dois jogadores: Vitinho, 2025-26"
124,266673,"o legado juntava dois jogadores: Vitinho, 2021"
125,196851,"coocorrência 5/7, nome 1.00"
126,287807,"coocorrência 3/4, nome 1.00"
127,195756,"coocorrência 42/42, nome 1.00"
128,382944,"coocorrência 17/17, nome 1.00"
129,382959,"coocorrência 28/28, nome 1.00"
130,409662,"coocorrência 18/18, nome 1.00"
131,192226,"coocorrência 5/5, nome 1.00"
132,216098,"coocorrência 5/5, nome 1.00"
133,359849,"coocorrência 1/1, nome 1.00"
134,347456,"coocorrência 1/1, nome 1.00"
