tecnico,inicio,fim,tipo,observacao
Mano Menezes,2013-12-11,2014-12-31,efetivo,"agente: anunciado em 11/12/2013 (jb.com.br/esportes/noticias/2013/12/11/amp/corinthians-anuncia-oficialmente-a-contratacao-de-mano-menezes.html); último jogo em 06/12/2014 e contrato não renovado (lance.com.br/corinthians/livro-tite-diz-que-topou-volta-timao-dia-ultimo-jogo-mano.html). Sem jogos entre 07/12/2014 e 31/01/2015."
Tite,2015-01-01,2016-06-19,efetivo,"agente: retorno acertado em 06/12/2014 e anunciado em 15/12/2014, apresentado em janeiro de 2015 (lance.com.br/corinthians/livro-tite-diz-que-topou-volta-timao-dia-ultimo-jogo-mano.html); saída para a Seleção em junho de 2016 e Cristóvão Borges apresentado em 20/06/2016 (oimparcial.com.br/esportes/2016/06/cristovao-borges-confirmado-como-novo-tecnico/). Primeiro jogo de 2015 em 01/02."
Cristóvão Borges,2016-06-20,2016-09-17,efetivo,"agente: apresentado em 20/06/2016 e estreia em 22/06/2016 (oimparcial.com.br/esportes/2016/06/cristovao-borges-confirmado-como-novo-tecnico/; jornaldebrasilia.com.br/torcida/corinthians-estreia-cristovao-borges-contra-o-atletico-mg/); demitido após o 0 x 2 para o Palmeiras em 17/09/2016 (goal.com/br/listas/os-tecnicos-do-corinthians-ja-demitidos-apos-derrota-para-o-palmeiras/16b2sfdetygte1rss0vpt1i1lf). Conferência: 18 jogos na base ESPN, os mesmos 18 citados pela imprensa."
Fábio Carille,2016-09-18,2016-10-13,interino,"agente: auxiliar fixo que comandou o time de forma interina até a chegada de Oswaldo de Oliveira, acertado em 13/10/2016 (ohoje.com/2016/10/13/corinthians-acerta-volta-de-oswaldo/; lance.com.br/corinthians/efetivado-dois-anos-carille-volta-timao-como-salvador-patria.html)."
Oswaldo de Oliveira,2016-10-14,2016-12-15,efetivo,"agente: acerto em 13/10/2016 (ohoje.com/2016/10/13/corinthians-acerta-volta-de-oswaldo/); demitido em 15/12/2016 (meutimao.com.br/noticia/233654/corinthians-iguala-numero-de-tecnicos-dos-ultimos-oito-anos-em-apenas-seis-meses). Conferência: 9 jogos na base ESPN, os mesmos 9 citados pela imprensa."
Fábio Carille,2016-12-16,2018-05-21,efetivo,"agente: efetivado em 22/12/2016 (lance.com.br/corinthians/efetivado-dois-anos-carille-volta-timao-como-salvador-patria.html; gazetaesportiva.com/especiais/ficou-para-ser-campeao/); aceitou proposta do Al-Wehda em 22/05/2018 e o último jogo foi em 20/05/2018 (en.wikipedia.org/wiki/2018_Sport_Club_Corinthians_Paulista_season). A ESPN tem 101 dos 104 jogos citados pela imprensa nesse período."
Osmar Loss,2018-05-22,2018-09-05,efetivo,"agente: assumiu como auxiliar após a saída de Carille e foi demitido após a derrota no Ceará em 05/09/2018 (en.wikipedia.org/wiki/2018_Sport_Club_Corinthians_Paulista_season; lance.com.br/corinthians/osmar-loss-deixa-novo-tecnico-guarani.html). A ESPN tem 22 dos 25 jogos citados pela imprensa."
Jair Ventura,2018-09-06,2018-12-06,efetivo,"agente: anunciado em 06/09/2018 (lance.com.br/corinthians/age-rapido-fica-perto-anunciar-jair-ventura-como-tecnico.html) e demitido em 03/12/2018, um dia após o fim do Brasileirão (gazetaesportiva.com/?p=2669560). Conferência: 19 jogos na base ESPN, os mesmos 19 citados pela imprensa."
Fábio Carille,2018-12-07,2019-11-03,efetivo,"agente: retorno anunciado em 07/12/2018 (gazetasp.com.br/cotidiano/46513-corinthians-confirma-acerto-com-carille-e-espera-anunc/; lance.com.br/corinthians/efetivado-dois-anos-carille-volta-timao-como-salvador-patria.html); demitido após o 1 x 4 para o Flamengo em 03/11/2019 (abcdoabc.com.br/apos-goleada-fabio-carille-nao-e-mais-tecnico-do-corinthians-2/; gazetaesportiva.com/times/corinthians/carille-fala-sobre-demissao-do-corinthians-ate-que-seguraram-demais/). A ESPN tem 66 dos 69 jogos citados pela imprensa."
Dyego Coelho,2019-11-04,2019-12-08,interino,"agente: promovido após a demissão de Carille e comandou 8 jogos, o último em 08/12/2019 (lance.com.br/corinthians/coelho-encerra-seu-trabalho-time-principal-sentimento-dever-cumprido.html; goal.com/br/noticias/coelho-nao-esta-preparando-terreno-para-tiago-nunes-fazer-esse-corinthians-jogar-futebol/1eu8g55vhlckg118wtmhl7127j). Conferência: 8 jogos na base ESPN."
